ym,1,2,3,4,5,6,7,8,9,10,long_gross,short_gross,ls_gross,turnover_long,turnover_short,turnover_ls,long_net,short_net,ls_net,wealth_ls_gross,wealth_ls_net
2016-01-01,0.0406977326577319,0.0368170688562887,0.0496125630309278,0.0468573506497938,0.0507388737216495,0.0530682694393815,0.0571840209442268,0.048369419853299,0.0511130210070103,0.0365668662335052,0.0365668662335052,0.0406977326577319,-0.00413086642422678,0,0,0,0.0365668662335052,0.0406977326577319,-0.00413086642422678,0.995869133575773,0.995869133575773
2016-02-01,0.0170583679327835,0.014978439135,0.00979784565938146,0.00627101945291668,0.00289061031958763,0.01572350272375,0.00719864149458334,0.0067960365257732,0.003131011,0.0173819036593815,0.0173819036593815,0.0170583679327835,0.000323535726597945,0.0618556701030928,0.103092783505155,0.164948453608247,0.0170107696387629,0.0164398112317526,0.000570958407010314,0.996191332819501,0.99643773342987
2016-03-01,-0.0570192707649485,-0.0464842704242268,-0.046666050125,-0.0384002849371134,-0.0373270670197917,-0.0405337258819588,-0.03088572790625,-0.0269825906613402,-0.0266798178348958,-0.0413719891391752,-0.0413719891391752,-0.0570192707649485,0.0156472816257732,0.577319587628866,0.484536082474227,1.06185567010309,-0.0448359066649484,-0.0599264872597938,0.0150905805948454,1.01177901915728,1.01147455735394
2016-04-01,0.0152452678459184,-0.00596275672948454,0.00464116955670103,0.0161265592753061,0.0199853994376289,0.0252666419023711,0.0164182932244898,0.024118143556701,0.02771284962,0.0189554672046939,0.0189554672046939,0.0152452678459184,0.00371019935877551,0.0612244897959184,0.0918367346938776,0.153061224489796,0.0185881202659184,0.0146942474377551,0.00389387282816327,1.01553292102538,1.0154131106492
2016-05-01,0.0139234528985858,0.00152297362448979,0.00276366875313131,0.00384105901591837,0.00350435803797979,0.00788017000979589,0.0120441660428571,0.00791104884242422,-0.000989022968163264,-0.00290099000121213,-0.00290099000121213,0.0139234528985858,-0.016824442899798,0.545454545454545,0.525252525252525,1.07070707070707,-0.0061737172739394,0.0107719377470707,-0.0169456550210101,0.998447145382726,0.998206270372326
2016-06-01,0.0237434571077551,0.0433559207542268,0.0501642023134021,0.0289913044672165,0.05125297446,0.0516875248247423,0.0494999605995876,0.0376822724251546,0.0372811868787629,0.0372735087065306,0.0372735087065306,0.0237434571077551,0.0135300515987755,0.0404040404040403,0.101010101010101,0.141414141414141,0.0370310844641064,0.0231373965016945,0.0138936879624119,1.0119561867784,1.012075036815
2016-07-01,-0.0112847739582474,-0.000263246177083335,0.0220063658679167,0.0179257133811458,0.00810528960416667,0.0174783910373958,0.00776573607291667,0.02953486392,0.0278289864246875,0.0128783554696907,0.0128783554696907,-0.0112847739582474,0.0241631294279382,0.0714285714285715,0.102040816326531,0.173469387755102,0.0124497840411193,-0.0118970188562066,0.0243468028973259,1.03640821509493,1.03671582825364
2016-08-01,-0.00200365738061225,0.00902401428103092,0.000385531051546394,0.0149726583738144,0.0173819053902062,0.0201154613798969,0.00468953662597938,0.00458204728,0.0114627943695876,0.0022692348760204,0.0022692348760204,-0.00200365738061225,0.00427289225663266,0.540816326530612,0.448979591836735,0.989795918367347,-0.000975663083163269,-0.00469753493163266,0.00372187184846939,1.04083667573192,1.04057435170968
2016-09-01,-0.0322537435956701,-0.0219762287571134,-0.0233212899189583,-0.0219042059839175,-0.0228906853837113,-0.0223895882545833,-0.0290741329748454,-0.0181267807845833,-0.0408705007319588,-0.0440664816884536,-0.0440664816884536,-0.0322537435956701,-0.0118127380927835,0.0612244897959184,0.102040816326531,0.163265306122449,-0.0444338286272291,-0.0328659884936293,-0.0115678401335999,1.02854154468414,1.02853715396198
2016-10-01,0.00274405395257731,0.00388313828541667,0.00753846272916665,0.00489974885,-5.2789581250002e-05,-0.00105667504583334,-0.00956144607083333,-0.00237331136041667,-0.0115080905458333,-0.0213578075458333,-0.0213578075458333,0.00274405395257731,-0.0241018614984106,0.0618556701030928,0.0824742268041237,0.144329896907216,-0.0217289415664519,0.00224920859175257,-0.0239781501582045,1.0037517788288,1.00387473564099
2016-11-01,0.0156749052606061,0.00745113686122449,0.011138645922449,0.0188287598888889,0.0164387143522449,0.0159367693381633,0.0142419473636364,0.0161953636265306,0.00518596837142857,0.00278629386808081,0.00278629386808081,0.0156749052606061,-0.0128886113925253,0.626262626262626,0.525252525252525,1.15151515151515,-0.00097128188949495,0.0125233901090909,-0.0134946719985859,0.990814812216919,0.990327775355844
2016-12-01,0.0150232786860606,0.027021615017551,0.00733350289795918,0.0199851106542857,0.0164217541134694,0.0201359021873469,0.02160457494,0.0100684774355102,0.0204978226363265,0.0176458933191919,0.0176458933191919,0.0150232786860606,0.00262261463313131,0.0707070707070707,0.0707070707070707,0.141414141414141,0.0172216508949495,0.0145990362618182,0.00262261463313131,0.993413337642163,0.992925023471088
2017-01-01,0.0628791525992857,0.0625179191843878,0.0479391705322449,0.0526580772660204,0.0546427287354082,0.0396028260644898,0.0412580364072449,0.0538004648272449,0.0668672622242857,0.0527008086971429,0.0527008086971429,0.0628791525992857,-0.0101783439021429,0.101010101010101,0.191919191919192,0.292929292929293,0.0520947480910823,0.0617276374477706,-0.00963288935668833,0.983302035054665,0.983360286580504
2017-02-01,-0.00514756603939394,0.00860336101565657,0.0039692852020202,0.00981646217727273,0.0291034073074748,0.00297412880808081,0.00711594053535353,0.0058564773669697,0.0181411061558586,0.046569285940404,0.046569285940404,-0.00514756603939394,0.051716851979798,0.0707070707070706,0.101010101010101,0.171717171717172,0.0461450435161616,-0.00575362664545454,0.0518986701616161,1.03415532085302,1.03439537774378
2017-03-01,-0.034827372430303,-0.0407016650244898,-0.0303521173612245,-0.0238328485612245,-0.0133041439571429,-0.00522493202448979,-0.012827411344898,-0.00893637997959183,-0.00947978079591837,-0.00774304977142857,-0.00774304977142857,-0.034827372430303,0.0270843226588745,0.575757575757576,0.484848484848485,1.06060606060606,-0.011197595225974,-0.0377364633393939,0.0265388681134199,1.0621647172424,1.06184706025085
2017-04-01,-0.00273328904262626,-0.00505779879333333,0.00167680307836735,-0.000699123375959596,0.00141090966868687,0.00762403923469388,0.00288187456666667,0.00388029200693878,0.00529302241333333,0.00103969684040404,0.00103969684040404,-0.00273328904262626,0.0037729858830303,0.0303030303030302,0.0505050505050505,0.0808080808080807,0.000857878658585858,-0.00303631934565657,0.00389419800424243,1.066172249726,1.06598210295369
2017-05-01,0.00963439592857142,0.0111775716397938,0.0227043872735051,0.0161377515816327,0.00941088802061857,0.0263522295312371,0.0155598659339796,0.0271021105003093,0.018865493794433,0.00824081716387754,0.00824081716387754,0.00963439592857142,-0.00139357876469387,0.636363636363636,0.555555555555555,1.19191919191919,0.00442263534569573,0.00630106259523809,-0.00187842724954236,1.06468645471928,1.06397973312398
2017-06-01,0.00798190537373737,0.0157198350040816,0.0183295122346939,0.0274403863918367,0.0155106997918367,0.0161367681836735,0.0227176979897959,0.0216652583836735,0.0303652919918367,0.0387923533857143,0.0387923533857143,0.00798190537373737,0.0308104480119769,0.0204081632653061,0.101010101010101,0.121418264275407,0.0386699044061225,0.00737584476767677,0.0312940596384457,1.09748992138147,1.09727597834646
2017-07-01,0.017538600237,0.0354377758787879,0.0406390648111111,0.03109534288,0.0427009634474747,0.017710335030303,0.020063628403,0.0125133987919192,0.0283375689454545,0.037071348684,0.037071348684,0.017538600237,0.019532748447,0.03,0.09,0.12,0.036891348684,0.016998600237,0.019892748447,1.11892691593893,1.11910381336064
2017-08-01,0.00319147489109997,-0.0119308927748485,0.00398617536181816,-0.008473087984,-0.00128914036676768,-0.007611003589899,-0.01573045392,0.0128040079836364,-0.0166347702846465,-0.0231001861431,-0.0231001861431,0.00319147489109997,-0.0262916610342,0.59,0.55,1.14,-0.0266401861431,-0.000108525108900027,-0.0265316610342,1.08950846874302,1.08941213032247
2017-09-01,0.00879173960525251,0.00897041876897959,0.01250654414,0.0272575576444898,0.0194041487668687,0.00708105315306123,0.0107054484685714,0.0279803575371429,0.0261876952840816,-0.00461948818262626,-0.00461948818262626,0.00879173960525251,-0.0134112277878788,0.07,0.1,0.17,-0.00503948818262626,0.00819173960525251,-0.0132312277878788,1.07489682249188,1.0749978702713
2017-10-01,-0.00878316994360003,-0.0087493625020202,0.0141084850891999,-0.0013767470345455,-0.000804374177600027,0.00682754585151515,-0.00541687099393939,-0.00262573870060002,-0.000694567061818239,0.02129765411,0.02129765411,-0.00878316994360003,0.0300808240536,0.04,0.1,0.14,0.02105765411,-0.00938316994360003,0.0304408240536,1.10723060468503,1.10772169129822
2017-11-01,-0.0173393631881188,0.02845377278,0.02467172146,0.00863618231,0.01598141034,0.00773070141,0.01588394667,-0.00452579712,0.0068735299,0.01051801909,0.01051801909,-0.0173393631881188,0.0278573822781188,0.51,0.504950495049505,1.01495049504951,0.00745801909,-0.0203690661584158,0.0278270852484158,1.13807515090978,1.1385463572335
2017-12-01,0.0221189394045098,0.00665722938871287,-0.00723991759504951,0.0108160435382353,0.00440245598910891,0.00661410837425742,0.0139453723482353,0.0163210867253465,0.0227724047794059,0.0325898097092157,0.0325898097092157,0.0221189394045098,0.0104708703047059,0.0490196078431373,0.0980392156862745,0.147058823529412,0.0322956920621569,0.0215307041103922,0.0107649879517647,1.14999178821196,1.15080279505164
2018-01-01,-0.0326875648568628,-0.0272360707192079,-0.0330572563984158,-0.0341028821782178,-0.0169296889788235,-0.0120108081643564,-0.0243381382970297,-0.0261921937821782,-0.0195715274835644,-0.0283745361537255,-0.0283745361537255,-0.0326875648568628,0.00431302870313727,0.127450980392157,0.156862745098039,0.284313725490196,-0.0291392420360784,-0.033628741327451,0.00448949929137257,1.15495173580289,1.15596932338454
2018-02-01,0.0260426313698039,0.0182702976130693,0.0126868001952475,0.0221535421172277,0.0133136665392157,0.0167493274934653,0.0268971778605941,0.00685308034415842,0.0320933106273267,0.0227311599203922,0.0227311599203922,0.0260426313698039,-0.00331147144941175,0.0294117647058824,0.0686274509803922,0.0980392156862745,0.0225546893321569,0.0256308666639216,-0.00307617733176469,1.15112714610433,1.15241335675573
2018-03-01,-0.0319725685476,-0.0383463982,-0.0369724103535354,-0.04102778747,-0.0196183995588,-0.0457728677967677,-0.0322949765376,-0.0196576627058586,-0.0336444190788,-0.0160662619676,-0.0160662619676,-0.0319725685476,0.01590630658,0.588235294117647,0.46078431372549,1.04901960784314,-0.0195956737323059,-0.0347372744299529,0.015141600697647,1.16943732740283,1.16986273964236
2018-04-01,0.0138469211559406,0.0458127760767327,0.0361147068575,0.0620143468069308,0.0380981519525001,0.0283385767029703,0.02206407225,0.0289451480074258,0.03322488338,0.0431464142722773,0.0431464142722773,0.0138469211559406,0.0292994931163367,0.0297029702970297,0.0594059405940594,0.0891089108910891,0.0429681964504951,0.0134904855123763,0.0294777109381189,1.20370124832706,1.20434761531881
2018-05-01,-0.0113268261180392,-0.0152802934257426,-0.00460701623607843,0.0053214792950495,0.00615352650980392,0.00475328756277228,-0.00389330320950495,8.17466952941181e-05,-0.0101758820788119,-0.0129977242329412,-0.0129977242329412,-0.0113268261180392,-0.00167089811490196,0.686274509803922,0.53921568627451,1.22549019607843,-0.0171153712917647,-0.0145621202356863,-0.00255325105607843,1.20168998618032,1.20127261349811
2018-06-01,-0.004432002025,-0.007108138306,0.00392219854545454,0.003853343044,0.0136893349545455,0.0039338627345,0.00985675153787879,0.00340640562,0.0224538666873737,0.0156140681095,0.0156140681095,-0.004432002025,0.0200460701345,0.0392156862745098,0.0784313725490196,0.117647058823529,0.0153787739918529,-0.00490259026029412,0.0202813642521471,1.22577914792322,1.22563606093859
2018-07-01,-0.0301833260970874,-0.0174254977330097,-0.0280936536519608,-0.0074707086407767,-0.0229864891642157,-0.0127969751432039,-0.0247023563676471,-0.0208142846019418,-0.0231691837156863,-0.0367421771262136,-0.0367421771262136,-0.0301833260970874,-0.0065588510291262,0.0679611650485437,0.0970873786407767,0.165048543689321,-0.0371499441165049,-0.0307658503689321,-0.0063840937475728,1.21773944509738,1.21781148542516
2018-08-01,-0.0101709191156863,-0.00472794286732674,-0.0298421820267327,-0.0272054095138614,-0.022380624049505,-0.0380837149584158,-0.0397503089980198,-0.0356156358910891,-0.0319779479138614,-0.0658250240970297,-0.0658250240970297,-0.0101709191156863,-0.0556541049813434,0.631067961165049,0.466019417475728,1.09708737864078,-0.06961143186402,-0.0129670356205407,-0.0566443962434794,1.14996724618001,1.14882928909487
2018-09-01,-0.158152776446214,-0.144747786887941,-0.152289731784412,-0.14612606497932,-0.134266346666667,-0.145632560826176,-0.150542480805825,-0.13328687054098,-0.143256267460392,-0.162798531667379,-0.162798531667379,-0.158152776446214,-0.00464575522116506,0.0485436893203884,0.0485436893203884,0.0970873786407768,-0.163089793803301,-0.158444038582136,-0.00464575522116506,1.1446247798419,1.14349210942683
2018-10-01,0.0744204008087378,0.0595635960449514,0.0681330506772816,0.0598314611753922,0.0738871506407767,0.0678034984453398,0.0758002077538235,0.0754636137319417,0.0750121552026214,0.0875936064636893,0.0875936064636893,0.0744204008087378,0.0131732056549515,0.029126213592233,0.0679611650485437,0.0970873786407767,0.0874188491821359,0.0740126338184466,0.0134062153636893,1.15970315746451,1.15882201091249
2018-11-01,-0.028034445164466,-0.0325611909378641,-0.0305216696666667,-0.021865712948932,-0.0294149214052427,-0.0378163371554902,-0.0389494689062136,-0.03697393067,-0.0380888774912621,-0.0436758750819417,-0.0436758750819417,-0.028034445164466,-0.0156414299174757,0.601941747572815,0.436893203883495,1.03883495145631,-0.0472875255673786,-0.030655804387767,-0.0166317211796116,1.14156374180195,1.1395488063302
2018-12-01,0.0245352278709615,0.0287106310669903,0.0186709606116505,0.0389759479468932,0.0479819730112621,0.0439188410291262,0.0604265216786408,0.0623839165064078,0.052224948395534,0.0486826140845192,0.0486826140845192,0.0245352278709615,0.0241473862135577,0.0288461538461538,0.115384615384615,0.144230769230769,0.0485095371614423,0.0238429201786538,0.0246666169827885,1.16912952236264,1.16765762026914
2019-01-01,0.0370912123762136,0.0362935583300971,0.0407431717034314,0.0234744396383495,0.0507525031715686,0.0458024181723301,0.0443507287132353,0.0522568406092233,0.0373872652941177,0.0444288763665049,0.0444288763665049,0.0370912123762136,0.00733766399029125,0.0673076923076922,0.125,0.192307692307692,0.0440250302126587,0.0363412123762136,0.0076838178364451,1.17770820195886,1.17662968871862
2019-02-01,0.00268416503764706,0.00881812729843137,0.0196630478537255,0.00801206177529412,0.0341373139713726,0.0240408623976238,0.0254157614007843,0.0483180389435294,0.0207313464854902,0.0361562576019608,0.0361562576019608,0.00268416503764706,0.0334720925643137,0.0388349514563107,0.135922330097087,0.174757281553398,0.0359232478932229,0.00186863105706454,0.0340546168361584,1.21712855990858,1.21669936192598
2019-03-01,0.00392485146059407,-0.00141251808119999,0.00131103275247525,0.0072226630864,0.00154476110495049,0.0104372318348,0.003501458926,0.012975065669703,0.0108437297064,0.00944760999445546,0.00944760999445546,0.00392485146059407,0.00552275853386139,0.637254901960784,0.450980392156863,1.08823529411765,0.00562408058269075,0.00121896910765289,0.00440511147503786,1.22385046704962,1.22205905824687
2019-04-01,-0.0511472092293204,-0.0337964543509804,-0.0302289992156863,-0.0437661553447059,-0.0455944255045098,-0.0374962478521569,-0.0385875507172549,-0.0352505990603922,-0.0512763968531373,-0.0415018508297087,-0.0415018508297087,-0.0511472092293204,0.00964535839961161,0.0194174757281554,0.0679611650485437,0.0873786407766991,-0.0416183556840777,-0.0515549762196116,0.00993662053553394,1.23565494343185,1.23420219538069
2019-05-01,0.0248177062715385,0.0369584353165049,0.0276693618038461,0.0223360483211651,0.03052826195,0.0233571711180582,0.0358771869794175,0.0358597091161538,0.0382252422485437,0.0448488846215384,0.0448488846215384,0.0248177062715385,0.02003117835,0.634615384615385,0.538461538461538,1.17307692307692,0.0410411923138461,0.0215869370407692,0.0194542552730769,1.26040656798279,1.25821267994821
2019-06-01,0.0311957508223809,0.0173200235213461,0.0240296340965385,0.0303808998399038,0.0385760561973077,0.0359838289745192,0.0361487013707692,0.0413127154778846,0.037478667449423,0.0239725942070476,0.0239725942070476,0.0311957508223809,-0.00722315661533337,0.0380952380952381,0.0761904761904762,0.114285714285714,0.0237440227784762,0.0307386079652381,-0.00699458518676194,1.25130245394326,1.24941200417525
2019-07-01,-0.0156882599408654,0.00398183287730769,-0.00671598897115385,-0.00224012125961538,-0.000241595406538465,0.00760427120057692,0.00182939785124999,0.0241609497972115,0.0169574302880769,-0.0080094319423077,-0.0080094319423077,-0.0156882599408654,0.00767882799855769,0.0285714285714286,0.0857142857142857,0.114285714285714,-0.00818086051373627,-0.0162025456551511,0.00802168514141484,1.26091099026126,1.25943439388465
2019-08-01,-0.00286845414666667,-0.001158554175,-0.000489288557692308,-0.0110483175692308,-0.00289836952115385,-0.00186832201346154,-0.0149421322884615,-0.00750095603076923,-0.00896295574230769,-0.00604264698461539,-0.00604264698461539,-0.00286845414666667,-0.00317419283794872,0.548076923076923,0.466666666666667,1.01474358974359,-0.00933110852307693,-0.00566845414666667,-0.00366265437641026,1.25690861562668,1.25482152099009
2019-09-01,0.00626180725788462,0.0233781675315534,0.0210174148404854,0.0142985426302913,0.0144689161042718,0.0301706190857281,0.0259955801739806,0.031450855211068,0.0220706699215534,0.0331622891626923,0.0331622891626923,0.00626180725788462,0.0269004819048077,0.0288461538461538,0.0761904761904762,0.10503663003663,0.0329892122396154,0.00580466440074176,0.0271845478388736,1.29072006309735,1.28893327665669
2019-10-01,-0.00677792162923076,-0.00274858422346152,-0.00617317188466019,0.00191639000653846,0.0151366907311539,-0.00265183015650485,0.000611484923076924,-0.000770854322718434,0.00252192912576925,-0.000373994845769227,-0.000373994845769227,-0.00677792162923076,0.00640392678346154,0.0576923076923077,0.0576923076923077,0.115384615384615,-0.000720148691923073,-0.00712407547538461,0.00640392678346154,1.29898573987937,1.29718751098917
2019-11-01,0.0335123451630476,0.0395144997446154,0.0184707700167619,0.0301500118984616,0.0317525221081905,0.0378054583934615,0.0382965941730769,0.037142316912381,0.0297156442588461,0.0521170629638095,0.0521170629638095,0.0335123451630476,0.0186047178007619,0.60952380952381,0.523809523809524,1.13333333333333,0.0484599201066667,0.0303694880201905,0.0180904320864762,1.32315300299704,1.32065419356014
2019-12-01,-0.0750498508037143,-0.06903020344,-0.0703556582560577,-0.0646792931491346,-0.0611997751851923,-0.0536404161996154,-0.0612052871153846,-0.0708199918282692,-0.0590750463702885,-0.055586946634762,-0.055586946634762,-0.0750498508037143,0.0194629041689524,0.0476190476190476,0.152380952380952,0.2,-0.0558726609204762,-0.0759641365180001,0.0200914755975238,1.34890540309523,1.34718808506282
2020-01-01,0.0265201336226415,0.00945198727619048,0.0117049047619048,0.00528722004761905,0.0205947808238095,0.00300696000952381,-0.00161901462857143,0.0144671535380952,0.0039885779047619,0.00941778805238096,0.00941778805238096,0.0265201336226415,-0.0171023455702605,0.0857142857142857,0.188679245283019,0.274393530997305,0.00890350233809524,0.0253880581509434,-0.0164845558128481,1.3258359567499,1.3249802878842
2020-02-01,-0.223638375138131,-0.199490665423491,-0.173220560181509,-0.176052663449245,-0.162917921600189,-0.140005054879623,-0.160029111106038,-0.143270920490566,-0.140513505366887,-0.156209705030561,-0.156209705030561,-0.223638375138131,0.0674286701075701,0.0373831775700935,0.0747663551401869,0.11214953271028,-0.156434004095981,-0.224086973268972,0.0676529691729906,1.41523531209435,1.41461913845525
2020-03-01,0.204356105028785,0.187410642454906,0.18493508604717,0.197346394398598,0.179636082846981,0.167531322422076,0.169705643623738,0.17378542734,0.172109774374906,0.170116000937383,0.170116000937383,0.204356105028785,-0.0342401040914019,0.635514018691589,0.532710280373832,1.16822429906542,0.166302916825234,0.201159843346542,-0.0348569265213084,1.36677750769441,1.36530986309048
2020-04-01,0.10184079640217,0.0435371589021698,0.0295013821364151,0.0341902745798113,0.0478629022512264,0.0665751520625472,0.0671753185248113,0.0486675570210377,0.052213999254717,0.0610810367134906,0.0610810367134906,0.10184079640217,-0.0407597596886794,0.0654205607476636,0.11214953271028,0.177570093457944,0.0606885133490046,0.101167899205908,-0.0404793858569037,1.31106798493289,1.3100429583282
2020-05-01,0.0975404170050944,0.0399309914,0.0698114808306667,0.0432047039491428,0.0465610378004762,0.0551806083391429,0.0286359106539048,0.0412452420857143,0.0562761271031429,0.0690268496157547,0.0690268496157547,0.0975404170050944,-0.0285135673893397,0.641509433962264,0.688679245283019,1.33018867924528,0.0651777930119811,0.0934083415333963,-0.0282305485214152,1.2736847595925,1.27305972702798
2020-06-01,-0.0122988745403738,0.0136508171070755,0.00276466554066037,0.0254462675384112,0.0341812413523585,0.0170488850710377,0.00579466317112149,0.028583216685,0.042393147905283,0.0190573159098131,0.0190573159098131,-0.0122988745403738,0.0313561904501869,0.0654205607476636,0.0934579439252337,0.158878504672897,0.0186647925453271,-0.0128596222039252,0.0315244147492523,1.31362266148779,1.31319218986338
2020-07-01,0.0407562968628571,0.0476163106947619,0.0492961696629808,0.054185430272381,0.0656615819961538,0.0691219754695238,0.0292309571442308,0.0443367800980952,0.0324580506850962,0.000811200313333338,0.000811200313333338,0.0407562968628571,-0.0399450965495238,0.0934579439252337,0.074766355140187,0.168224299065421,0.000250452649781936,0.040307698732016,-0.0400572460822341,1.26114987744501,1.26058932716075
2020-08-01,-0.00623015744299066,-0.0195397111124528,-0.0238552587075472,-0.0271938100283019,-0.02555186664,-0.0412548527498113,-0.0288052199150944,-0.0237780304315094,-0.0260162664828302,-0.0448891556188785,-0.0448891556188785,-0.00623015744299066,-0.0386589981758878,0.700934579439252,0.616822429906542,1.31775700934579,-0.049094763095514,-0.00993109202242991,-0.0391636710730841,1.21239508663335,1.21122002139359
2020-09-01,-0.0256323963470874,0.0120209284902913,-0.00355678404656863,0.0115048055,0.0204077450490196,0.00731681168446602,9.80138161764705e-05,-0.00658176146116505,-0.00814799114215686,-0.00379495976699029,-0.00379495976699029,-0.0256323963470874,0.0218374365800971,0.0934579439252336,0.130841121495327,0.224299065420561,-0.00435570743054169,-0.0264174430760594,0.0220617356455177,1.23887068744772,1.23794163731413
2020-10-01,0.0694089737283809,0.132157908877692,0.121502036450962,0.127105151898269,0.0983528060811429,0.086955107935,0.104164685977115,0.0982172011923077,0.0704581544711539,0.075400533711619,0.075400533711619,0.0694089737283809,0.0059915599832381,0.038095238095238,0.133333333333333,0.171428571428571,0.0751719622830476,0.0686089737283809,0.00656298855466667,1.24629345548304,1.24606623411117
2020-11-01,0.0185696694807408,0.0374396797114815,0.0491221749933333,0.030079377301028,0.0269981766223148,0.0379488415185186,0.037368153262243,0.012020099792963,0.0352590302604629,0.0203496465005556,0.0203496465005556,0.0185696694807408,0.00177997701981481,0.648148148148148,0.574074074074074,1.22222222222222,0.0164607576116667,0.0151252250362963,0.00133553257537036,1.24851182919375,1.2477303961579
2020-12-01,-0.0972633446228972,-0.0706371624649533,-0.0764033999188679,-0.0586951060308411,-0.0528740862900944,-0.0550156251803738,-0.0501011374816038,-0.0417389334836449,-0.0354136616556604,-0.0185121715873832,-0.0185121715873832,-0.0972633446228972,0.078751173035514,0.0277777777777778,0.12037037037037,0.148148148148148,-0.0186788382540499,-0.0979855668451194,0.0793067285910696,1.34683360029147,1.34668381204082
2021-01-01,0.141950380150467,0.0935482158164486,0.106786690795327,0.104272855007359,0.0787107947995327,0.102374767995794,0.101473691497925,0.106643885836916,0.0821432060811215,0.0754017014493458,0.0754017014493458,0.141950380150467,-0.0665486787011215,0.168224299065421,0.14018691588785,0.308411214953271,0.0743923556549533,0.14110925865514,-0.0667169030001869,1.2572036037618,1.25683723878097
2021-02-01,0.101044932642593,0.0794670186158878,0.0736472598308411,0.0829869223925233,0.0829490347214953,0.0995554776093458,0.0943757000766355,0.0831786256915888,0.095960964553271,0.0892786584962617,0.0892786584962617,0.101044932642593,-0.0117662741463309,0.0186915887850467,0.0925925925925926,0.111284181377639,0.0891665089635514,0.100489377087037,-0.0113228681234856,1.24241100150218,1.24260623647357
2021-03-01,0.0667001409835514,0.10598569902243,0.120358243096449,0.0646333718702804,0.0625968036631775,0.0684097693584906,0.0794125614871028,0.0437822440183178,0.058942336215701,0.0795413558609346,0.0795413558609346,0.0667001409835514,0.0128412148773832,0.551401869158879,0.462962962962963,1.01436483212184,0.0762329446459813,0.0639223632057736,0.0123105814402077,1.2583650681385,1.25790344174578
2021-04-01,-0.0615649224222642,-0.0646197031260378,-0.0641286067335849,-0.0606356356495238,-0.056992874789434,-0.0550154103939623,-0.051767266343619,-0.0309948656690566,-0.0309460658271698,-0.0212522595769811,-0.0212522595769811,-0.0615649224222642,0.040312662845283,0.0560747663551402,0.0934579439252337,0.149532710280374,-0.021588708175112,-0.0621256700858156,0.0405369619107036,1.30909311486664,1.30889502565118
2021-05-01,0.018727314826789,0.0544939189096297,0.0847046233874074,0.0561918487044445,0.058612589079266,0.0556026505833334,0.0656593446392592,0.0535935042740741,0.0823703316111111,0.0739509050961468,0.0739509050961468,0.018727314826789,0.0552235902693578,0.577981651376147,0.532110091743119,1.11009174311927,0.0704830151878899,0.0155346542763303,0.0549483609115597,1.38138593666648,1.380816661916
2021-06-01,-0.0126523036788991,0.00306625932407408,-0.00545604504555555,0.0196218973994445,0.00343391139944954,0.0464048482190741,0.0588478037412963,0.0578404625022223,0.0433744394085185,0.00280417900697251,0.00280417900697251,-0.0126523036788991,0.0154564826858716,0.055045871559633,0.137614678899083,0.192660550458716,0.00247390377761471,-0.0134779917522936,0.0159518955299083,1.40273730447907,1.40284330505284
2021-07-01,-0.0332829827596296,-0.0147817940096296,-0.0262720134628037,-0.02670204494,-0.0449907557274074,-0.0209932224168224,-0.0327002007237037,-0.0460734958796261,-0.0239878972281482,-0.0579076572192593,-0.0579076572192593,-0.0332829827596296,-0.0246246744596296,0.0458715596330275,0.055045871559633,0.10091743119266,-0.0581828865770574,-0.0336132579889874,-0.02456962858807,1.36819535500389,1.36837596608043
2021-08-01,-0.00860516961688079,-0.013013468120367,-0.0207244189221101,-0.0131088241388889,-0.0247401785229358,-0.0250931834873395,-0.0386919654873148,-0.0354151291422936,-0.0343978504530276,-0.0573314675084405,-0.0573314675084405,-0.00860516961688079,-0.0487262978915597,0.532110091743119,0.477064220183486,1.00917431192661,-0.0605241280588992,-0.0114675549379817,-0.0490565731209175,1.30152826056213,1.3012481304435
2021-09-01,0.0484774568953271,0.0443330071728972,0.0525909005471698,0.0300838744093458,0.038926769645283,0.0589858294906542,0.0694265624132075,0.065488519842056,0.0635446029990566,0.0343196171747663,0.0343196171747663,0.0484774568953271,-0.0141578397205608,0.0458715596330275,0.119266055045872,0.165137614678899,0.0340443878169682,0.0477618605650519,-0.0137174727480837,1.28310143205731,1.28339829467565
2021-10-01,0.00957392027289719,0.0164975906074766,0.0199727250284112,0.01581721028,0.0342141966138318,0.0170890209678505,0.0496235157732075,0.0208114765039252,0.00663267459813084,0.0628510028878505,0.0628510028878505,0.00957392027289719,0.0532770826149533,0.0467289719626168,0.130841121495327,0.177570093457944,0.0625706290560748,0.00878887354392523,0.0537817555121495,1.35146133305639,1.35242170798461
2021-11-01,0.0539248870940741,0.0335722167803738,0.0554604717616822,0.0462869736463551,0.0293923381214953,0.0379562422585047,0.0446077344375701,0.0377759634452337,0.0213405180809346,0.0420935117838889,0.0420935117838889,0.0539248870940741,-0.0118313753101852,0.472222222222222,0.472222222222222,0.944444444444444,0.0392601784505555,0.0510915537607407,-0.0118313753101852,1.3354716868078,1.3364206991798
2021-12-01,-0.0802110904127359,-0.0650070045080952,-0.0676400857958095,-0.0758503429997143,-0.0807689971958096,-0.0683507778321905,-0.0661782230550476,-0.0711174903541905,-0.0780713264666667,-0.0930323666144339,-0.0930323666144339,-0.0802110904127359,-0.012821276201698,0.101851851851852,0.12962962962963,0.231481481481482,-0.093643477725545,-0.0809888681905137,-0.0126546095350314,1.31834923545169,1.31950881705714
2022-01-01,-0.00252799878878507,-0.00204856115849058,-0.00863233183962268,0.00189369083490564,-0.00266069899345798,0.00206627945,0.00920144088396223,-0.00224143056603774,-0.00379811966415096,0.0111289631981308,0.0111289631981308,-0.00252799878878507,0.0136569619869159,0.205607476635514,0.205607476635514,0.411214953271028,0.00989531833831775,-0.00376164364859815,0.0136569619869159,1.33635388084573,1.33752929881309
2022-02-01,-0.00667986613761468,-0.00430549051851852,0.0110810148747222,0.00161914504577982,0.00460414785583335,0.00134534100879631,0.0047445891327523,-0.0105435354214815,-0.0064620833012037,-0.0122115141384404,-0.0122115141384404,-0.00667986613761468,-0.00553164800082568,0.055045871559633,0.10091743119266,0.155963302752293,-0.0125417893677982,-0.00728537072477064,-0.00525641864302752,1.32896164157235,1.33049868487122
2022-03-01,-0.0515828986238532,-0.0622934149522936,-0.0624702018495413,-0.0581760939291743,-0.0552467075045872,-0.0583901047707407,-0.0581731401398165,-0.0695820849588991,-0.0814045669108257,-0.0768247538143119,-0.0768247538143119,-0.0515828986238532,-0.0252418551904587,0.495412844036697,0.431192660550459,0.926605504587156,-0.0797972308785321,-0.054170054587156,-0.0256271762913761,1.29541618426211,1.29640176051858
2022-04-01,-0.0148955283266667,-0.0161250978590654,3.29220099999996e-05,0.0136801581334579,0.0151250554462963,0.0155820123831776,0.017545717086729,0.0116201774755556,0.0194531705084112,0.02374739271,0.02374739271,-0.0148955283266667,0.0386429210366667,0.073394495412844,0.100917431192661,0.174311926605504,0.0233070257375229,-0.0155010329138226,0.0388080586513456,1.34547484958017,1.34671259607649
2022-05-01,-0.0274232301638889,-0.0786045305233645,-0.0811889623691589,-0.0697896215149533,-0.0618584507859813,-0.0808354397663552,-0.0873084231925234,-0.092767749206542,-0.122944504299065,-0.120275197078505,-0.120275197078505,-0.0274232301638889,-0.0928519669146158,0.611111111111111,0.518518518518519,1.12962962962963,-0.123941863745171,-0.030534341275,-0.0934075224701714,1.2205448633625,1.22091950899761
2022-06-01,0.0503969893546296,0.0753077739607477,0.0541739954299065,0.0573781661859813,0.0866632572532711,0.0721795954392523,0.0927243647738318,0.0769276263168224,0.0821565176084112,0.0795948465616823,0.0795948465616823,0.0503969893546296,0.0291978572070527,0.0467289719626168,0.0740740740740741,0.120803046036691,0.0793144727299066,0.0499525449101852,0.0293619278197214,1.25618215799776,1.25676805949449
2022-07-01,0.0764325074022222,0.0610906641825926,0.0505645691548148,0.0515754837962963,0.068998041867963,0.0743972215781308,0.0700590953333333,0.0421465187487037,0.0622404282435185,0.0658767407661111,0.0658767407661111,0.0764325074022222,-0.0105557666361111,0.0648148148148148,0.0462962962962963,0.111111111111111,0.0654878518772222,0.0761547296244445,-0.0106668777472222,1.24292219228549,1.24336226824725
2022-08-01,-0.0962157853928302,-0.0924535386981132,-0.0932123352952381,-0.0833078583245283,-0.0894151715950943,-0.0936702774895238,-0.0785687511886793,-0.102993155350095,-0.102902603446792,-0.116288874866415,-0.116288874866415,-0.0962157853928302,-0.020073089473585,0.592592592592593,0.518518518518519,1.11111111111111,-0.119844430421971,-0.0993268965039413,-0.0205175339180294,1.21797290391104,1.21785154073609
2022-09-01,-0.0712392187966355,-0.0379986393158879,-0.0296096544630189,-0.0503975103285981,-0.0504971604687851,-0.0397845974433962,-0.0509837454429906,-0.0411892466526415,-0.0443552463725234,-0.0395556433897196,-0.0395556433897196,-0.0712392187966355,0.0316835754069159,0.0747663551401869,0.121495327102804,0.196261682242991,-0.0400042415205608,-0.0719681907592523,0.0319639492386916,1.25656264025569,1.25677888556444
2022-10-01,0.120271702980918,0.104217817085872,0.0824973886113761,0.110223446653945,0.0979156581009174,0.105305047458889,0.0950261355647706,0.114803559947523,0.129324726969174,0.139907306879266,0.139907306879266,0.120271702980918,0.0196356038983487,0.073394495412844,0.0825688073394495,0.155963302752293,0.139466939906789,0.119776290136881,0.0196906497699083,1.28123600653321,1.2815256784383
2022-11-01,-0.0154315407559633,-0.0242819582407407,-0.0324452931092593,-0.0292716381166667,-0.0408864538888889,-0.0198267783296296,-0.028791692562963,-0.0459806373222222,-0.0329105948055556,-0.0462172893407407,-0.0462172893407407,-0.0154315407559633,-0.0307857485847774,0.63302752293578,0.458715596330275,1.09174311926606,-0.0500154544783554,-0.0181838343339449,-0.0318316201444105,1.24179219695832,1.24073263983695
2022-12-01,0.0493976230707408,0.0486120610731482,0.0492789502724074,0.034402276746729,0.0486897165991667,0.047681922812963,0.0474229216038318,0.046114328358426,0.041945227169537,0.0477419108769444,0.0477419108769444,0.0493976230707408,-0.00165571219379633,0.0277777777777778,0.091743119266055,0.119520897043833,0.0475752442102778,0.0488471643551444,-0.00127192014486667,1.23973614647565,1.23915452699795
2023-01-01,0.0559311915349091,0.0398971793401818,0.0359941692590909,0.0453177611231193,0.0557722255196364,0.0454123152112727,0.048148659206422,0.0545398481545455,0.0510121864674546,0.0639911705818182,0.0639911705818182,0.0559311915349091,0.00805997904690911,0.0818181818181818,0.154545454545455,0.236363636363636,0.0635002614909091,0.0550039188076363,0.00849634268327274,1.24972839383994,1.24968280849685
2023-02-01,0.00427409974036364,0.0104930076304587,0.0315733320825688,0.0359694781090909,0.0412440470616514,0.0436001077339449,0.0398280367676363,0.0410568741895413,0.0418903422222018,0.0244024755838182,0.0244024755838182,0.00427409974036364,0.0201283758434545,0.0545454545454545,0.118181818181818,0.172727272727273,0.0240752028565455,0.00356500883127273,0.0205101940252727,1.27488339665339,1.27531404536917
2023-03-01,0.00495057047754545,-0.00439689827654545,0.00745950744981818,0.0176385696521818,0.0171432041579091,0.0200342783976364,0.00375852942345455,0.00234585630145455,0.0201909223325455,0.00595854948809091,0.00595854948809091,0.00495057047754545,0.00100797901054545,0.645454545454545,0.554545454545455,1.2,0.00208582221536363,0.00162329775027273,0.000462524465090907,1.27616845235811,1.27590390931582
2023-04-01,0.0107317685225225,0.0213971628636364,0.00486863686363636,0.0232753295454545,0.0329208522454546,0.0242553167090909,0.0424224814363636,0.0326346247727273,0.0353703401727273,0.0211249661545455,0.0211249661545455,0.0107317685225225,0.010393197632023,0.0727272727272727,0.0810810810810811,0.153808353808354,0.0206886025181818,0.010245282036036,0.0104433204821458,1.28943192329522,1.28922858274523
2023-05-01,0.0348708886486487,0.0160860049363636,0.0268327022636364,0.0301310241727273,0.0322752253818182,0.0376697890090909,0.0514930108636364,0.0371840619090909,0.0468742084272727,0.0448234498545455,0.0448234498545455,0.0348708886486487,0.0099525612058968,0.609090909090909,0.522522522522523,1.13161343161343,0.0411689044,0.0317357535135135,0.00943315088648649,1.30226507343265,1.30139007049344
2023-06-01,-0.014939135746,-0.0101897443641818,0.00934285144545455,0.0438709383147273,-0.00619204704363636,0.00538339579272728,0.00877891011945454,0.0107400038521818,0.0171814059170909,0.0268166348607273,0.0268166348607273,-0.014939135746,0.0417557706067273,0.0727272727272727,0.0720720720720721,0.144799344799345,0.0263802712243636,-0.0153715681784324,0.0417518394027961,1.35664215510806,1.35572549971708
2023-07-01,-0.0348593625106306,-0.0319511939338739,-0.0256630121052252,-0.00593504403036363,-0.0302607336126126,-0.0117214291320721,-0.0308763286727273,-0.0253161494054054,-0.0344429537596396,-0.0183524747987387,-0.0183524747987387,-0.0348593625106306,0.0165068877118919,0.045045045045045,0.0990990990990991,0.144144144144144,-0.018622745069009,-0.0354539571052252,0.0168312120362162,1.37903609482764,1.37854400306572
2023-08-01,-0.0131431818361062,-0.0179822703146429,-0.00411465153107142,-0.00728311490178572,0.00324617490513274,0.00825518320571428,-0.00086689809785714,0.00706865049142857,0.0116358536407143,-0.00470755283823009,-0.00470755283823009,-0.0131431818361062,0.00843562899787611,0.575221238938053,0.486725663716814,1.06194690265487,-0.00815888027185841,-0.0160635358184071,0.00790465554654867,1.39066913169829,1.38944091856571
2023-09-01,-0.0203201925975,-0.0315829642639286,-0.0364995463027027,-0.0363984692364286,-0.0459435650467857,-0.0373621631081081,-0.0441414784742857,-0.0488296253153154,-0.0418151643267858,-0.0488681401757143,-0.0488681401757143,-0.0203201925975,-0.0285479475782143,0.0353982300884956,0.0530973451327433,0.0884955752212389,-0.0490805295562453,-0.0206387766682965,-0.0284417528879488,1.35096838222793,1.34992278330746
2023-10-01,0.0861084261938739,0.0982733262245946,0.081193785240901,0.109122063628636,0.101018657305676,0.0910667179092793,0.111817285552182,0.097069729611982,0.0976852483997297,0.0860064574194594,0.0860064574194594,0.0861084261938739,-0.000101968774414457,0.0446428571428572,0.0625,0.107142857142857,0.0857386002766023,0.0857334261938739,5.17408272840414e-06,1.35083062563772,1.34992976791962
2023-11-01,0.00145089088982143,-0.00682094447321429,0.00366909615535714,0.00543898018991071,0.00345281639401786,0.00751398914285715,0.0130098563238393,-0.00256956633455357,0.0117527751011607,0.0193803725822321,0.0193803725822321,0.00145089088982143,0.0179294816924107,0.616071428571429,0.5,1.11607142857143,0.0156839440108036,-0.00154910911017857,0.0172330531209821,1.37505031860964,1.37319317931977
2023-12-01,0.00564866372035398,-0.0179538571446429,-0.0128711272553571,-0.0153109256857143,-0.0191611688732143,-0.0106294640267857,-0.000743289882142858,-0.00571407593928571,-0.0115130046303571,0.00649784273214286,0.00649784273214286,0.00564866372035398,0.000849179011788877,0.0625,0.0884955752212389,0.150995575221239,0.00612284273214286,0.00511769026902655,0.00100515246311631,1.37621798248035,1.3745734478263
2024-01-01,0.0483245270746429,0.0662000005037838,0.0557859084994595,0.0470359478211607,0.0526171803871171,0.0484230177831531,0.0724297391736607,0.0648497111528829,0.0761288200718018,0.0582435322805357,0.0582435322805357,0.0483245270746429,0.00991900520589283,0.0625,0.106194690265487,0.168694690265487,0.0578685322805357,0.0476873589330499,0.0101811733474858,1.38986869581302,1.38856821837747
2024-02-01,-0.0170073747070796,-0.00910914758035713,-0.00491732136964286,0.00263770557589286,0.0188236099580357,0.0168236965575893,0.0166771004196429,0.0300685136415179,0.0348295006571428,0.0323237523876106,0.0323237523876106,-0.0170073747070796,0.0493311270946903,0.0442477876106195,0.079646017699115,0.123893805309734,0.0320582656619469,-0.0174852508132743,0.0495435164752213,1.4584324850911,1.45736277078163
2024-03-01,-0.00937032784869567,0.0156594741631579,-0.00274277885438597,0.0148109369105263,0.0107544821684211,0.0277962181245614,-0.00652675605263157,0.0310218193543859,0.0295292694929824,0.0332674887982455,0.0332674887982455,-0.00937032784869567,0.0426378166469412,0.657894736842105,0.460869565217391,1.1187643020595,0.0293201203771929,-0.01213554524,0.0414556656171929,1.52061686198236,1.51777871449009
2024-04-01,0.0585299908191305,0.0355135752650435,0.0513952172845614,0.0531788353495652,0.0369132310671304,0.0245826374954386,0.0296744053304348,0.0175860619252632,0.0141027403481739,0.0122953498410435,0.0122953498410435,0.0585299908191305,-0.046234640978087,0.0782608695652174,0.121739130434783,0.2,0.0118257846236522,0.0577995560365218,-0.0459737714128696,1.45031168730338,1.44800070281481
2024-05-01,0.0324699862206897,0.0245295358974138,0.0131150796313043,0.0260290357422414,0.00385169887478261,0.0202411912081897,0.0359370397878261,0.0307782179288793,0.0241042822378261,0.042416420649569,0.042416420649569,0.0324699862206897,0.0099464344288793,0.681034482758621,0.508620689655172,1.18965517241379,0.0383302137530173,0.0294182620827586,0.00891195167025861,1.46473711740258,1.46090521509679
2024-06-01,-0.0242724569826087,-0.0303152274282456,-0.00898448429964914,-0.0122151352614035,-0.0167008503027826,-0.0425094639708772,-0.0317633138012281,-0.0162291262424562,-0.0410228920292982,-0.0243037070375653,-0.0243037070375653,-0.0242724569826087,-3.12500549565393e-05,0.0603448275862069,0.129310344827586,0.189655172413793,-0.0246657760030825,-0.0250483190515742,0.000382543048491734,1.46469134428717,1.46146407423133
2024-07-01,-0.00961291734196429,-0.0194359087633929,-0.00357526228232144,-0.0280021211210714,-0.00397563027285715,-0.00980477136607142,0.00416540585714286,0.0149160930798214,-0.000827764099285717,0.00904749733035714,0.00904749733035714,-0.00961291734196429,0.0186604146723214,0.0347826086956521,0.130434782608696,0.165217391304348,0.00883880167818323,-0.0103955260376165,0.0192343277157997,1.49202309213853,1.48957435317997
2024-08-01,-0.0169499293791304,-0.0159667765852174,-0.011498526127193,0.0033568035173913,-0.0125571685657895,-0.00264994354521739,0.00356517025,-0.00261843526086957,-0.0230767539236842,-0.0188018400808696,-0.0188018400808696,-0.0169499293791304,-0.00185191070173913,0.617391304347826,0.48695652173913,1.10434782608696,-0.0225061879069565,-0.0198716685095652,-0.0026345193973913,1.48925999860695,1.48565004065266
2024-09-01,-0.0410105428245614,-0.0287117273044248,-0.0299978789826548,-0.0312316629553982,-0.0424529334908772,-0.0391056137571681,-0.0159539403982301,-0.0265249541500885,-0.0303825867861947,-0.010670759614386,-0.010670759614386,-0.0410105428245614,0.0303397832101755,0.0521739130434782,0.0608695652173913,0.11304347826087,-0.0109838030926468,-0.0413757602158658,0.0303919571232189,1.53444382410827,1.53080185298828
2024-10-01,-0.0313490540327193,-0.048229503059646,-0.0293538872241593,-0.0217440430053097,-0.031425142689115,-0.0182561219675221,-0.0294885008825663,-0.0396198484554867,-0.01562625900823,-0.00588659346026315,-0.00588659346026315,-0.0313490540327193,0.0254624605724561,0.043859649122807,0.0526315789473684,0.0964912280701754,-0.00614975135499999,-0.0316648435064035,0.0255150921514035,1.57351453948028,1.56986040333282
2024-11-01,-0.0357834552790435,-0.0175619980614035,-0.0153007300614035,-0.015222662555913,-0.0116198573935088,-0.00317539460403509,-0.0131099746863478,-0.00520635553087719,0.0073244955522807,-0.0082829977646087,-0.0082829977646087,-0.0357834552790435,0.0275004575144348,0.608695652173913,0.478260869565217,1.08695652173913,-0.0119351716776522,-0.0386530204964348,0.0267178488187826,1.6167869092216,1.61180369625566
2024-12-01,-0.005893135174,-0.00307612031930435,-0.014351687491913,-0.00397681515469565,-0.01945034172,-0.00344274446086957,-0.00714609869269565,0.00265624169565217,0.00380011909252174,0.00274456624721739,0.00274456624721739,-0.005893135174,0.0086377014212174,0.00869565217391304,0.0521739130434783,0.0608695652173913,0.00269239233417391,-0.00620617865226087,0.00889857098643479,1.63075223180519,1.62614644586299
2025-01-01,0.0814552566347414,0.0678065955246551,0.0681847189862069,0.0633222989206897,0.0789768556206897,0.0685732528088793,0.0719177144936207,0.0664797936968103,0.0530314338692242,0.0475505205389656,0.0475505205389656,0.0814552566347414,-0.0339047360957759,0.0862068965517242,0.112068965517241,0.198275862068966,0.0470332791596552,0.080782842841638,-0.0337495636819827,1.57546200774824,1.5712647128321
2025-02-01,-0.116467675254188,-0.0994271137243103,-0.0907566847586208,-0.083138319685431,-0.0773192349631034,-0.0836434259803448,-0.0958655567630172,-0.0846256776681897,-0.0969046281583621,-0.101776122376239,-0.101776122376239,-0.116467675254188,0.0146915528779486,0.0427350427350427,0.0683760683760683,0.111111111111111,-0.10203253263265,-0.116877931664444,0.0148453990317948,1.59860799114227,1.59459076447867
2025-03-01,-0.0905225032429914,-0.0838213485231896,-0.0742371242963793,-0.0658084320575,-0.0679598573506035,-0.0750307735404311,-0.0660222831636207,-0.068778120905,-0.0537660431629311,-0.0552764023730769,-0.0552764023730769,-0.0905225032429914,0.0352461008699145,0.615384615384615,0.478632478632479,1.09401709401709,-0.0589687100653846,-0.0933942981147863,0.0344255880494017,1.65495268964952,1.649485489244
2025-04-01,0.0188707378989831,0.00833502632188034,0.00364034243299145,0.0199797972161864,0.0109395904915385,0.0270881768790598,0.00830351864279661,0.0110777306495727,0.022206206137094,0.0338851871105085,0.0338851871105085,0.0188707378989831,0.0150144492115254,0.0677966101694916,0.0338983050847458,0.101694915254237,0.0334784074494915,0.0186673480684746,0.014811059381017,1.67980089275574,1.67391611677332
2025-05-01,0.0282555509545299,0.0217603572280342,0.00627879197827586,0.00757307149641026,0.00177556310871795,0.0115262361075862,0.0232591160041026,0.0461593853041379,0.0343242954933333,0.0597159870724786,0.0597159870724786,0.0282555509545299,0.0314604361179487,0.559322033898305,0.542372881355932,1.10169491525424,0.0563600548690888,0.0250013136663943,0.0313587412026945,1.73264816143316,1.72640801907423
2025-06-01,0.00920999374153846,0.0275179905719658,0.0184167508812069,0.0245467597447863,0.00727543552324785,0.0127430242213793,0.018149855491453,0.00767906802586207,0.0295446668907692,0.028997404974188,0.028997404974188,0.00920999374153846,0.0197874112326495,0.0341880341880342,0.0512820512820513,0.0854700854700855,0.0287922767690598,0.00890230143384615,0.0198899753352137,1.76693278312493,1.76074623199213
2025-07-01,0.0778998168916239,0.0785481171553846,0.0805469619928205,0.0779430906304274,0.0675804453860684,0.0762446698818804,0.0739587399964957,0.0595431328781197,0.0748318521810256,0.0737908516218803,0.0737908516218803,0.0778998168916239,-0.00410896526974357,0.0341880341880342,0.0854700854700855,0.11965811965812,0.0735857234167521,0.0773869963788034,-0.00380127296205125,1.7596725176851,1.75405315494743
2025-08-01,0.0122686038874359,0.0253479731056897,0.0104814361251724,0.000729669000344827,0.00782522706482759,0.00141931986206897,0.00400523497862069,0.0200128388843103,0.0066700275262069,0.0194508245077778,0.0194508245077778,0.0122686038874359,0.00718222062034187,0.555555555555556,0.504273504273504,1.05982905982906,0.0161174911744444,0.00924296286179487,0.00687452831264957,1.77231087392666,1.76611144302301
2025-09-01,-0.00673013671822034,0.0058533555182906,-0.00369509753324786,0.00122275190264958,0.010874813007265,-0.00683002560683761,0.0136822514822222,0.00210279891999999,3.62722743589881e-06,0.0112643930695763,0.0112643930695763,-0.00673013671822034,0.0179945297877966,0.0338983050847458,0.0847457627118645,0.11864406779661,0.0110610032390678,-0.00723861129449153,0.0182996145335593,1.80420277474077,1.79843060165363
2025-10-01,-0.0144123278512821,0.0124030268659829,-0.0246779975849573,0.0111394261210256,-0.0123345376605128,-0.0173574113227586,-0.0245928984017094,-0.0263444855111111,-0.0252557181357265,-0.000792810823589742,-0.000792810823589742,-0.0144123278512821,0.0136195170276923,0.0254237288135594,0.0593220338983051,0.0847457627118645,-0.000945353196471098,-0.0147682600546719,0.0138229068582008,1.82877514515277,1.82329014035123
2025-11-01,0.0335884432312712,0.0518726969319658,0.0368269637521368,0.0248536311366949,0.0451039615205983,0.0212246720315385,0.0180066321602542,0.0257061142983761,0.0358971013790598,0.0478814577431356,0.0478814577431356,0.0335884432312712,0.0142930145118644,0.64406779661017,0.601694915254237,1.24576271186441,0.0440170509634746,0.0299782737397458,0.0140387772237288,1.85491385484137,1.84888690444584
